[{"_parentId":0,"id":0,"text":"","sort":0},{"_parentId":"0","id":"1","text":"\u653f\u5e9c\u5c55(\u6295\u8d44\/\u8d38\u6613\/\u79d1\u535a\/\u6210\u5c31\u5c55)","sort":"2","layer":"1","deep":"0"},{"_parentId":"0","id":"2","text":"\u4ea4\u901a\u5de5\u5177\u7c7b(\u6c7d\u8f66\/\u706b\u8f66\/\u6469\u6258\u8f66\/\u7535\u52a8\u8f66\/\u81ea\u884c\u8f66\u53ca\u7279\u79cd\u8f66\u8f86)","sort":"4","layer":"1","deep":"0"},{"_parentId":"0","id":"3","text":"\u901a\u4fe1\/\u901a\u8baf\/\u7535\u5b50\/IT\u8bbe\u5907\/\u6570\u7801\/\u8f6f\u4ef6","sort":"6","layer":"1","deep":"0"},{"_parentId":"0","id":"4","text":"\u533b\u836f\/\u533b\u7597\/\u751f\u7269\/\u4fdd\u5065","sort":"8","layer":"1","deep":"0"},{"_parentId":"0","id":"5","text":"\u80fd\u6e90(\u7164\u70ad\/\u77f3\u6cb9\/\u6838\u80fd\/\u98ce\u80fd\/\u592a\u9633\u80fd\/\u751f\u7269\u80fd\/\u7535\u6c60\u7b49)","sort":"10","layer":"1","deep":"0"},{"_parentId":"0","id":"6","text":"\u623f\u4ea7\/\u5efa\u7b51\/\u5efa\u6750\/\u95e8\u7a97\/\u88c5\u6f62\/\u4e94\u91d1","sort":"12","layer":"1","deep":"0"},{"_parentId":"0","id":"7","text":"\u673a\u5e8a\/\u673a\u68b0\/\u81ea\u52a8\u5316","sort":"14","layer":"1","deep":"0"},{"_parentId":"0","id":"8","text":"\u670d\u88c5\/\u670d\u9970\/\u7eba\u7ec7\/\u9762\u6599","sort":"16","layer":"1","deep":"0"},{"_parentId":"0","id":"9","text":"\u4eea\u5668\u4eea\u8868\/\u7535\u5de5\/\u7535\u5b50","sort":"18","layer":"1","deep":"0"},{"_parentId":"0","id":"10","text":"\u516c\u5171\/\u5b89\u9632\/\u6d88\u9632\/\u667a\u80fd","sort":"20","layer":"1","deep":"0"},{"_parentId":"0","id":"11","text":"\u51b6\u91d1\/\u94a2\u94c1\/\u77ff\u4ea7","sort":"22","layer":"1","deep":"0"},{"_parentId":"0","id":"12","text":"\u91d1\u878d\/\u4fdd\u9669\/\u8fde\u9501\/\u52a0\u76df","sort":"24","layer":"1","deep":"0"},{"_parentId":"0","id":"13","text":"\u5316\u5de5\/\u6a61\u80f6\/\u6c34\u5904\u7406\/\u73af\u4fdd","sort":"26","layer":"1","deep":"0"},{"_parentId":"0","id":"14","text":"\u5149\u7535\/\u7167\u660e\/\u5236\u51b7\/\u6696\u901a","sort":"28","layer":"1","deep":"0"},{"_parentId":"0","id":"15","text":"\u6d77\u6d0b\/\u822a\u7a7a\/\u822a\u5929","sort":"30","layer":"1","deep":"0"},{"_parentId":"0","id":"16","text":"\u65c5\u6e38\/\u9152\u5e97\/\u9910\u996e\/\u5a5a\u793c","sort":"32","layer":"1","deep":"0"},{"_parentId":"0","id":"17","text":"\u98df\u54c1\/\u996e\u6599\/\u8336\u53f6\/\u9152","sort":"34","layer":"1","deep":"0"},{"_parentId":"0","id":"18","text":"\u6587\u5316\/\u6559\u80b2\/\u4f53\u80b2\/\u56fe\u4e66\/\u827a\u672f\/\u6444\u5f71","sort":"36","layer":"1","deep":"0"},{"_parentId":"0","id":"19","text":"\u519c\/\u6797\/\u7267\/\u6e14","sort":"38","layer":"1","deep":"0"},{"_parentId":"0","id":"20","text":"\u5f71\u89c6\/\u5a31\u4e50\/\u4f11\u95f2\/\u706f\u5149\u97f3\u54cd","sort":"40","layer":"1","deep":"0"},{"_parentId":"0","id":"21","text":"\u5370\u5237\/\u5305\u88c5\/\u7eb8\u4e1a","sort":"42","layer":"1","deep":"0"},{"_parentId":"0","id":"22","text":"\u5a92\u4f53\/\u5e7f\u544a\/\u51fa\u7248 \/\u529e\u516c","sort":"44","layer":"1","deep":"0"},{"_parentId":"0","id":"23","text":"\u751f\u6d3b\u7c7b(\u5c0f\u5bb6\u7535\/\u65e5\u7528\u54c1 \/\u7bb1\u5305\/\u76ae\u9769\/\u9996\u9970\/\u73e0\u5b9d\/\u7f8e\u5bb9 \/\u793c\u54c1\/\u5de5\u827a\u54c1 \/\u73a9\u5177\/\u6a21\u578b)","sort":"46","layer":"1","deep":"0"},{"_parentId":"0","id":"24","text":"\u5176\u4ed6\u884c\u4e1a","sort":"48","layer":"1","deep":"0"}]