[{"_parentId":0,"id":0,"text":"","code":"","sort":0},{"_parentId":"0","id":"8","text":"\u65b9\u6848\u72b6\u6001","sort":"2","layer":"1","deep":"0"},{"_parentId":"0","id":"14","text":"\u67e5\u770b\u6743\u9650","sort":"3","layer":"1","deep":"0"},{"_parentId":"0","id":"18","text":"\u4e25\u91cd\u7a0b\u5ea6","sort":"4","layer":"1","deep":"0"},{"_parentId":"0","id":"21","text":"\u9879\u76ee\u72b6\u6001","sort":"5","layer":"1","deep":"0"},{"_parentId":"0","id":"22","text":"\u4f18\u5148\u7ea7","sort":"6","layer":"1","deep":"0"}]