[{"id":0,"text":" "},{"id":"13","_parentId":"0","text":"\u5de5\u4f5c\u7ba1\u7406","state":"open","iconCls":"icon-project","url":"","level":"10","sort":"1","deep":"0","children":[{"id":"14","_parentId":"13","text":"\u9879\u76ee\u7ba1\u7406","state":"open","iconCls":"","url":"","level":"10","sort":"1","deep":"1","children":[{"id":"22","_parentId":"14","text":"\u9879\u76ee\u5217\u8868","state":"open","iconCls":"","url":"\/index.php?s=\/Admin\/project\/index","level":"10","sort":"1","deep":"2"},{"id":"15","_parentId":"14","text":"\u8bbe\u8ba1\u65b9\u6848\u7ba1\u7406","state":"open","iconCls":"","url":"\/index.php?s=\/Admin\/Design\/index","level":"10","sort":"2","deep":"2"},{"id":"19","_parentId":"14","text":"\u8be2\u4ef7\u5355\u7ba1\u7406","state":"open","iconCls":"","url":"\/index.php?s=\/Admin\/inquiry\/index","level":"10","sort":"3","deep":"2"},{"id":"21","_parentId":"14","text":"\u516c\u544a\u5217\u8868","state":"open","iconCls":"","url":"\/index.php?s=\/Admin\/notice\/index","level":"30","sort":"5","deep":"2"}]},{"id":"16","_parentId":"13","text":"\u5c55\u4f1a\u7ba1\u7406","state":"open","iconCls":"","url":"","level":"50","sort":"2","deep":"1","children":[{"id":"18","_parentId":"16","text":"\u5c55\u4f1a\u5217\u8868","state":"open","iconCls":"","url":"\/index.php?s=\/Admin\/exhibition\/index","level":"50","sort":"2","deep":"2"},{"id":"36","_parentId":"16","text":"\u5c55\u9986\u5217\u8868","state":"open","iconCls":"","url":"\/index.php?s=\/Admin\/pavilion\/index","level":"10","sort":"50","deep":"2"}]},{"id":"37","_parentId":"13","text":"\u6848\u4f8b\u7ba1\u7406","state":"open","iconCls":"","url":"","level":"10","sort":"50","deep":"1","children":[{"id":"39","_parentId":"37","text":"\u5de5\u5382\u6848\u4f8b","state":"open","iconCls":"","url":"\/index.php?s=\/Admin\/exhibitorProduct\/index","level":"10","sort":"50","deep":"2"},{"id":"38","_parentId":"37","text":" \u8bbe\u8ba1\u5e08\u6848\u4f8b","state":"open","iconCls":"","url":"\/index.php?s=\/Admin\/designerProduct\/index","level":"10","sort":"50","deep":"2"}]}]},{"id":"41","_parentId":"0","text":"\u6587\u7ae0\u7ba1\u7406","state":"open","iconCls":"icon-daily","url":"","level":"10","sort":"50","deep":"0","children":[{"id":"43","_parentId":"41","text":"\u6587\u7ae0\u5217\u8868","state":"open","iconCls":"","url":"\/index.php?s=\/Admin\/article\/index","level":"10","sort":"50","deep":"1"},{"id":"42","_parentId":"41","text":"\u6587\u7ae0\u5206\u7c7b","state":"open","iconCls":"","url":"\/index.php?s=\/Admin\/category\/index","level":"10","sort":"50","deep":"1"}]},{"id":"23","_parentId":"0","text":"\u4f1a\u5458\u7ba1\u7406","state":"open","iconCls":"icon-people","url":"","level":"999","sort":"50","deep":"0","children":[{"id":"32","_parentId":"23","text":"\u8d44\u91d1\u7ba1\u7406","state":"open","iconCls":"","url":"","level":"10","sort":"50","deep":"1","children":[{"id":"34","_parentId":"32","text":"\u63d0\u73b0\u7533\u8bf7","state":"open","iconCls":"","url":"\/index.php?s=\/Admin\/account\/manage","level":"10","sort":"50","deep":"2"},{"id":"33","_parentId":"32","text":"\u8d44\u91d1\u7ba1\u7406","state":"open","iconCls":"","url":"\/index.php?s=\/Admin\/account\/index","level":"10","sort":"50","deep":"2"}]},{"id":"24","_parentId":"23","text":"\u4f1a\u5458\u5217\u8868","state":"open","iconCls":"","url":"","level":"999","sort":"50","deep":"1","children":[{"id":"28","_parentId":"24","text":"\u5ba1\u6838\u4f1a\u5458","state":"open","iconCls":"","url":"\/index.php?s=\/Admin\/member\/verify","level":"10","sort":"50","deep":"2"},{"id":"25","_parentId":"24","text":"\u5c55\u5546","state":"open","iconCls":"","url":"\/index.php?s=\/Admin\/exhibitor\/index","level":"10","sort":"50","deep":"2"},{"id":"26","_parentId":"24","text":" \u8bbe\u8ba1\u5e08","state":"open","iconCls":"","url":"\/index.php?s=\/Admin\/designer\/index","level":"10","sort":"50","deep":"2"},{"id":"27","_parentId":"24","text":"\u5de5\u5382","state":"open","iconCls":"","url":"\/index.php?s=\/Admin\/factory\/index","level":"10","sort":"50","deep":"2"}]}]},{"id":"1","_parentId":"0","text":"\u7cfb\u7edf\u7ba1\u7406","state":"open","iconCls":"icon-setting","url":"","level":"999","sort":"99","deep":"0","children":[{"id":"2","_parentId":"1","text":"\u57fa\u7840\u8bbe\u7f6e","state":"open","iconCls":"","url":"","level":"999","sort":"1","deep":"1","children":[{"id":"3","_parentId":"2","text":"\u7528\u6237\u7ba1\u7406","state":"open","iconCls":"","url":"\/index.php?s=\/Admin\/user\/index","level":"999","sort":"2","deep":"2"},{"id":"5","_parentId":"2","text":"\u89d2\u8272\u7ba1\u7406","state":"open","iconCls":"","url":"\/index.php?s=\/Admin\/group\/index","level":"999","sort":"3","deep":"2"},{"id":"6","_parentId":"2","text":"\u516c\u53f8\u7ba1\u7406","state":"open","iconCls":"","url":"\/index.php?s=\/Admin\/comy\/index","level":"999","sort":"4","deep":"2"},{"id":"8","_parentId":"2","text":"\u90e8\u95e8\u7ba1\u7406","state":"open","iconCls":"","url":"\/index.php?s=\/Admin\/part\/index","level":"999","sort":"6","deep":"2"},{"id":"7","_parentId":"2","text":"\u8054\u52a8\u7ba1\u7406","state":"open","iconCls":"","url":"\/index.php?s=\/Admin\/linkage\/index","level":"999","sort":"7","deep":"2"},{"id":"35","_parentId":"2","text":"\u884c\u4e1a\u7c7b\u522b","state":"open","iconCls":"","url":"\/index.php?s=\/Admin\/industry\/index","level":"10","sort":"50","deep":"2"}]},{"id":"4","_parentId":"1","text":"\u7cfb\u7edf\u8bbe\u7f6e","state":"open","iconCls":"","url":"","level":"999","sort":"2","deep":"1","children":[{"id":"9","_parentId":"4","text":"\u53c2\u6570\u8bbe\u7f6e","state":"open","iconCls":"","url":"\/index.php?s=\/Admin\/setting\/index","level":"999","sort":"1","deep":"2"},{"id":"10","_parentId":"4","text":"\u83dc\u5355\u8bbe\u7f6e","state":"open","iconCls":"","url":"\/index.php?s=\/Admin\/menu\/index","level":"9999","sort":"2","deep":"2"},{"id":"40","_parentId":"4","text":"\u652f\u4ed8\u65b9\u5f0f","state":"open","iconCls":"","url":"index.php?s=\/Admin\/Payment\/setting","level":"10","sort":"50","deep":"2"}]},{"id":"11","_parentId":"1","text":"\u7cfb\u7edf\u5de5\u5177","state":"open","iconCls":"","url":"","level":"9999","sort":"3","deep":"1","children":[{"id":"12","_parentId":"11","text":"\u6570\u636e\u5907\u4efd","state":"open","iconCls":"","url":"\/index.php?s=\/Admin\/backup\/index","level":"9999","sort":"1","deep":"2"}]},{"id":"29","_parentId":"1","text":"\u4f1a\u5458\u8bbe\u7f6e","state":"open","iconCls":"","url":"","level":"10","sort":"50","deep":"1","children":[{"id":"30","_parentId":"29","text":"\u4f1a\u5458\u7ec4\u7ba1\u7406","state":"open","iconCls":"","url":"\/index.php?s=\/Admin\/memberGroup\/index","level":"10","sort":"50","deep":"2"}]}]}]